,Base_Model,Optuna_Model,Difference
Accuracy,0.8337785531265333,0.8762470697268713,0.04246851660033801
Precision,0.314992428066633,0.38515546639919757,0.07016303833256454
Recall,0.7883765003158559,0.7277321541377132,-0.06064434617814274
F1-Score,0.4501352569882777,0.5037166593790993,0.05358140239082154
AUC-ROC,0.9014405746015617,0.9068897308364378,0.005449156234876074
AP-Score,0.570147449285401,0.5946088461814512,0.024461396896050203
