,Accuracy,Precision,Recall,F1-Score,AUC-ROC,AP-Score
LightGBM_Ensemble,0.9231314397862945,0.5570204350692155,0.5337965887555275,0.5451612903225806,0.9070425704494501,0.5950609413586966
