,Accuracy,Precision,Recall,F1-Score,AUC-ROC,AP-Score
LightGBM_Optuna,0.924221773973723,0.5638649900727994,0.5382185723310171,0.5507433742727861,0.9068897308364378,0.5946088461814512
